﻿<?xml version="1.0" encoding="utf-8" ?>
<hibernate-mapping xmlns="urn:nhibernate-mapping-2.2"
                   assembly="SiGCT.Models"
                   namespace="SiGCT.Models" >

	<class name="Ajuste" schema="SiGCT">
		<meta attribute="class-description">
      Detalhamento dos ajustes financeiros de movimentos anteriores.
    </meta>

		<id name="Id">
			<meta attribute="field-description">
				Identificação unica do Ajuste
			</meta>
			<generator class="identity" />
		</id>

    <property name="Sequencial" />
    
    <many-to-one name="Conta" column="ContaId" cascade="none" />
    <many-to-one name="Recurso" column="RecursoId" cascade="none" />

    <property name="Tipo" length="1" />
    
		<many-to-one name="Categoria" column="CategoriaId" cascade="none" />
    
    <property name="BaseCalculo" />
    <property name="Percentual" />
    <property name="Valor" />

    <property name="Inicio" />
    <property name="Fim" />

    <property name="Filler" length="123" />
    <property name="Obs" length="50" />
    
		
    <!--<property name="DataAlteracao" />
    <property name="Ativo" />-->

	</class>
</hibernate-mapping>
