﻿<?xml version="1.0" encoding="utf-8" ?>
<hibernate-mapping xmlns="urn:nhibernate-mapping-2.2"
                   assembly="SiGCT.Models"
                   namespace="SiGCT.Models" >

  <class name="Categoria" schema="SiGCT">

    <id name="Id">
      <generator class="assigned" />
    </id>

    <property name="Sigla" not-null="true" />
    <property name="Descricao" not-null="true" />
    <property name="TipoCategoria" not-null="true" />

    <bag name="Chamadas" lazy="true"  cascade="all" >
      <key column="CategoriaId" />
      <one-to-many class="Chamada"  />
    </bag>

    <bag name="Planos" lazy="true" cascade="all" >
      <key column="CategoriaId" />
      <one-to-many class="Plano"  />
    </bag>

    <bag name="Servicos" lazy="true" cascade="all" >
      <key column="CategoriaId" />
      <one-to-many class="Servico"  />
    </bag>

    <bag name="Ajustes" lazy="true" cascade="all" >
      <key column="CategoriaId" />
      <one-to-many class="Ajuste"  />
    </bag>

    <bag name="Descontos" lazy="true" cascade="all" >
      <key column="CategoriaId" />
      <one-to-many class="Desconto"  />
    </bag>

    <bag name="InformativosGerencial" lazy="true" cascade="all" >
      <key column="CategoriaId" />
      <one-to-many class="InformativoGerencial"  />
    </bag>

    <!--<property name="DataAlteracao" not-null="true" />-->
    <!--<property name="Ativo" not-null="true" />-->

  </class>
</hibernate-mapping>
