﻿<?xml version="1.0" encoding="utf-8" ?>
<hibernate-mapping xmlns="urn:nhibernate-mapping-2.2"
                   assembly="SiGCT.Models"
                   namespace="SiGCT.Models" >

	<class name="Chamada" schema="SiGCT">
		<meta attribute="class-description">
      Detalhamento de chamadas de VOZ cobradas na fatura
    </meta>

		<id name="Id">
			<generator class="identity" />
		</id>
		
		<property name="Sequencial" length="15" not-null="true" />
		<many-to-one name="Conta" class="Conta" column="ContaId" />
    <many-to-one name="Recurso" class="Recurso" column="RecursoId" />
    <many-to-one name="Origem" class="CNL" column="OrigemId" />
    <property name="DataHoraLigacao" />
    <many-to-one name="Destino" class="CNL" column="DestinoId" />
    <property name="Internacional" />
    <many-to-one name="CSP" class="CSP" column="CspId" />
    <property name="NumeroChamado" />
    <property name="OperadoraRoaming" />
    <many-to-one name="Operadora" class="Operadora" column="OperadoraId" />
    <property name="Duracao" type="TimeSpan" />
    <many-to-one name="Categoria" class="Categoria" column="CategoriaId" />

    <property name="AliquotaICMS" />
    <property name="ValorComImposto" />
    <property name="ValorSemImposto" />
    
    <many-to-one name="NotaFiscal" class="NotaFiscal" column="NotaFiscalId" />
    <property name="Acobrar" />
    <property name="GrupoTarifario" />
    <property name="DescricaoTarifario" />
    <property name="Degrau" />
    <property name="Filler" />
    <property name="Obs" />
    
    
    <!--<property name="DataAlteracao" />
    <property name="Ativo" />-->
    
	</class>
</hibernate-mapping>
