﻿<?xml version="1.0" encoding="utf-8" ?>
<hibernate-mapping xmlns="urn:nhibernate-mapping-2.2"
                   assembly="SiGCT.Models"
                   namespace="SiGCT.Models" >

	<class name="Cliente" schema="SiGCT">

		<id name="Id">
			<generator class="identity" />
		</id>

    <property name="Codigo" not-null="true" />
    <property name="Nome" length="30" not-null="true" />
    <property name="CNPJ" length="15" not-null="true" />

    <bag name="Contas" lazy="true" mutable="false" access="" cascade="none" >
      <key column="ClienteId" />
      <one-to-many class="Conta" />
    </bag>

    <!--<property name="DataAlteracao" not-null="true" />
    <property name="Ativo" not-null="true" />-->
		
	</class>
</hibernate-mapping>
