﻿<?xml version="1.0" encoding="utf-8" ?>
<hibernate-mapping xmlns="urn:nhibernate-mapping-2.2"
                   assembly="SiGCT.Models"
                   namespace="SiGCT.Models" >

	<class name="CNL" schema="SiGCT">

		<id name="Id">
			<generator class="assigned" />
		</id>

		<property name="Nome" length="80" />
    <property name="UF" length="2" />

    
		<bag name="Recursos" lazy="true" mutable="false" cascade="all" >
			<key column="CnlID" />
			<one-to-many class="Recurso" />
		</bag>

		<bag name="Enderecos" lazy="true" mutable="false" cascade="all" >
			<key column="CnlId" />
			<one-to-many class="EnderecosRecurso"  />
		</bag>

    <bag name="Chamadas" lazy="true" mutable="false" cascade="all" >
      <key column="CnlId" />
      <one-to-many class="Chamada"  />
    </bag>
    
    <bag name="Origens" lazy="true" mutable="false" cascade="all" >
      <key column="OrigemId" />
      <one-to-many class="Servico"  />
    </bag>
    
    <bag name="Destinos" lazy="true" mutable="false" cascade="all" >
      <key column="DestinoId" />
      <one-to-many class="Servico"  />
    </bag>

    <!--<property name="DataAlteracao" not-null="true" />
    <property name="Ativo" not-null="true" />-->
    
	</class>
</hibernate-mapping>
