﻿<?xml version="1.0" encoding="utf-8" ?>
<hibernate-mapping xmlns="urn:nhibernate-mapping-2.2"
                   assembly="SiGCT.Models"
                   namespace="SiGCT.Models" >

	<class name="Cobranca" schema="SiGCT">

		<id name="Id">
			<generator class="identity" />
		</id>

    <many-to-one name="Tipo" class="TipoCobranca" column="TipoCobrancaId" cascade="none" />
    <many-to-one name="Banco" class="Banco" column="BancoId" cascade="none" />

    <property name="Agencia" length="5" />
		<property name="ContaCorrente" length="150" />

    <bag name="Contas" lazy="true" cascade="all" >
      <key column="CobrancaId" />
      <one-to-many class="Conta" />
    </bag>

    <!--<property name="DataAlteracao" not-null="true" />
    <property name="Ativo" not-null="true" />-->
	</class>
</hibernate-mapping>
