﻿<?xml version="1.0" encoding="utf-8" ?>
<hibernate-mapping xmlns="urn:nhibernate-mapping-2.2"
                   assembly="SiGCT.Models"
                   namespace="SiGCT.Models" >

	<class name="CSP" schema="SiGCT">

		<id name="Id">
			<generator class="assigned" />
		</id>

		<property name="Nome" length="50" not-null="true" />

		<bag name="Chamadas" lazy="true" mutable="false" cascade="none" >
			<key column="CspId" />
			<one-to-many class="Chamada"  />
		</bag>

    <!--<property name="DataAlteracao" not-null="true" />
    <property name="Ativo" not-null="true" />-->
	</class>
</hibernate-mapping>
