﻿<?xml version="1.0" encoding="utf-8" ?>
<hibernate-mapping xmlns="urn:nhibernate-mapping-2.2"
                   assembly="SiGCT.Models"
                   namespace="SiGCT.Models" >

	<class name="Desconto" schema="SiGCT">

		<id name="Id">
			<generator class="identity" />
		</id>

    <property name="Sequencial" length="12" not-null="true" />

    <many-to-one name="Conta" class="Conta" column="ContaId" />
    <many-to-one name="Recurso" class="Recurso" column="RecursoId" />

    <property name="TipoDesconto" length="1" />

    <many-to-one name="Categoria" class="Categoria" column="CategoriaId" />

    <property name="BaseCalculo" />

    <many-to-one name="NotaFiscal" class="NotaFiscal" column="NotaFiscalId" />

    <property name="Percentualdesconto" />
    <property name="ValorDesconto" />

    <property name="InicioDesconto" />
    <property name="FimDesconto" />
    
    <property name="Filler" length="125"/>
    <property name="Obs" length="50" />
    
    <!--<property name="DataAlteracao" not-null="true" />
    <property name="Ativo" not-null="true" />-->
	</class>
</hibernate-mapping>
