﻿<?xml version="1.0" encoding="utf-8" ?>
<hibernate-mapping xmlns="urn:nhibernate-mapping-2.2"
                   assembly="SiGCT.Models"
                   namespace="SiGCT.Models" >

	<class name="EnderecosRecurso" schema="SiGCT">

		<id name="Id" >
			<generator class="identity" />
		</id>

    <property name="Sequencial" length="12" not-null="true" />

    <many-to-one name="Conta" class="Conta" column="ContaId" />
    <many-to-one name="Recurso" class="Recurso" column="RecursoId" />
    <many-to-one name="CNL" class="CNL" column="CnlId" />

    <property name="Nome" />
    <property name="UF" length="2" />
    <property name="Endereco" />
    <property name="Numero" />
    <property name="Complemento" />
    <property name="Bairro" />

    <property name="Ponta" />
    <property name="Filler" length="5"/>
    <property name="Obs" length="50" />

    <!--<property name="DataAlteracao" />
    <property name="Ativo" />-->
		
	</class>
</hibernate-mapping>
