﻿<?xml version="1.0" encoding="utf-8" ?>
<hibernate-mapping xmlns="urn:nhibernate-mapping-2.2"
                   assembly="SiGCT.Models"
                   namespace="SiGCT.Models" >

	<class name="Operadora" schema="SiGCT">
		<meta attribute="class-description">Cadastro de Operadora</meta>

		<id name="Id" length="3">
			<generator class="assigned" />
		</id>

    <property name="Nome" length="51" />
    <property name="RazaoSocial" length="80" />
    
    <property name="Tiposervico" length="4" />
    <property name="CNPJ" length="100" />
    <property name="UF" length="2" />
    
    <property name="RN1" length="5" />
    <property name="SPID" length="4" />
    
    

    <bag name="Chamadas" lazy="true" mutable="false" access="" cascade="none" >
      <key column="OperadoraId" />
      <one-to-many class="Chamada" />
    </bag>

    <bag name="Servicos" lazy="true" mutable="false" access="" cascade="none" >
      <key column="OperadoraId" />
      <one-to-many class="Servico" />
    </bag>

    <bag name="Contas" lazy="true" mutable="false" access="" cascade="none" >
      <key column="OperadoraId" />
      <one-to-many class="Conta" />
    </bag>

    <bag name="NotasFiscal" lazy="true" mutable="false" access="" cascade="none" >
      <key column="OperadoraId" />
      <one-to-many class="NotaFiscal" />
    </bag>

    <bag name="Planos" lazy="true" mutable="false" access="" cascade="none" >
      <key column="OperadoraId" />
      <one-to-many class="Plano" />
    </bag>

  </class>
</hibernate-mapping>
