﻿<?xml version="1.0" encoding="utf-8" ?>
<hibernate-mapping xmlns="urn:nhibernate-mapping-2.2"
                   assembly="SiGCT.Models"
                   namespace="SiGCT.Models" >

	<class name="Pessoa" schema="SiGCT">

		<id name="Id">
			<generator class="identity" />
		</id>

		<property name="Nome" length="25" />

		<many-to-one name="CentroCusto" class="CentroCusto" column="CentroCustoId" />

    <bag name="Recursos" lazy="true" cascade="all" >
      <key column="PessoaId" />
      <one-to-many class="Recurso" />
    </bag>

    <!--<property name="Ativo" column="Ativo" />-->

	</class>
</hibernate-mapping>
