﻿<?xml version="1.0" encoding="utf-8" ?>
<hibernate-mapping xmlns="urn:nhibernate-mapping-2.2"
                   assembly="SiGCT.Models"
                   namespace="SiGCT.Models" >

	<class name="Recurso" schema="SiGCT">
		<meta attribute="class-description"></meta>

		<id name="Id">
			<generator class="identity" />
		</id>

		<many-to-one name="CNL" column="CnlId" cascade="none" lazy="false" />
    <!--<property name="Codigo" />-->
		
    <property name="Numero" />
    <property name="Modalidade" />
    
    <property name="DataAtivacao" type="Date" />
    <property name="DataDesativacao" type="Date" />

    <bag name="Enderecos" lazy="true" mutable="false" access="" cascade="none" >
      <key column="RecursoId" />
      <one-to-many class="EnderecosRecurso" />
    </bag>

    <bag name="Resumos" lazy="true" mutable="false" access="" cascade="none" >
      <key column="RecursoId" />
      <one-to-many class="Resumo" />
    </bag>

    <bag name="Chamadas" lazy="true" mutable="false" cascade="none" >
      <key column="RecursoId" />
      <one-to-many class="Chamada" />
    </bag>

    <bag name="Servicos" lazy="true" mutable="false" cascade="none" >
      <key column="RecursoId" />
      <one-to-many class="Servico" />
    </bag>

    <bag name="Descontos" lazy="true" mutable="false" cascade="none" >
      <key column="RecursoId" />
      <one-to-many class="Desconto" />
    </bag>

    <bag name="Planos" lazy="true" mutable="false" cascade="none" >
      <key column="RecursoId" />
      <one-to-many class="Plano" />
    </bag>

    <bag name="Ajustes" lazy="true" mutable="false" cascade="none" >
      <key column="RecursoId" />
      <one-to-many class="Ajuste" />
    </bag>

    <bag name="InformativosGerencial" lazy="true" mutable="false" cascade="none" >
      <key column="RecursoId" />
      <one-to-many class="InformativoGerencial" />
    </bag>
    
    <many-to-one name="CentroCusto" column="CentroCustoId" cascade="none" />
    <many-to-one name="Utilizador" column="PessoaId" cascade="none" />

    <!--<property name="DataAlteracao" />-->
    
	</class>
</hibernate-mapping>
