﻿<?xml version="1.0" encoding="utf-8" ?>
<hibernate-mapping xmlns="urn:nhibernate-mapping-2.2"
                   assembly="SiGCT.Models"
                   namespace="SiGCT.Models" >

	<class name="Resumo" schema="SiGCT">
		<meta attribute="class-description">Somatorio dos valores de um Recurso</meta>

		<id name="Id">
			<generator class="identity" />
		</id>

    
		<property name="Sequencial" />
		<many-to-one name="Conta" column="ContaId" cascade="none" />
    <many-to-one name="Recurso" column="RecursoId" cascade="none" />

    <property name="QuantidadeChamadas" />
    <property name="ValorChamadas" />

    <property name="QuantidadeServico" />
    <property name="ValorServicos" />
    
    <property name="ValorImpostos" />
    <property name="ValorTotal" />
    
    <property name="Degrau" />
    <property name="Velocidade" />

    <property name="UnVelocidade" />
    <property name="DataVencimento" type="Date" />
    
    <property name="Filler" length="114" />
    <property name="Obs" length="25" />
    
    <!--<property name="DataAlteracao" />
    <property name="Ativo" />-->
    
	</class>
</hibernate-mapping>
