﻿<?xml version="1.0" encoding="utf-8" ?>
<hibernate-mapping xmlns="urn:nhibernate-mapping-2.2"
                   assembly="SiGCT.Models"
                   namespace="SiGCT.Models" >

	<class name="Servico" schema="SiGCT">
		<meta attribute="class-description">Detalhamento dos serviços faturados</meta>

		<id name="Id">
			<generator class="identity" />
		</id>

    <property name="Sequencial" not-null="true" />
    <many-to-one name="Conta" column="ContaId" />
    <many-to-one name="Recurso" column="RecursoId" />
    <many-to-one name="Origem" column="OrigemId" />
    <property name="DataHoraServico" />

    <many-to-one name="Destino" column="DestinoId" />
    <property name="Codigo" />

    <property name="NumeroChamado" />
    <property name="OperadoraRoaming" />
    <many-to-one name="Operadora" class="Operadora" column="OperadoraId" />

    <property name="QtdeUtilizada" />
    <property name="Unidade" />

    <many-to-one name="Categoria" class="Categoria" column="CategoriaId" />

    <property name="ValorComImposto" />
    <property name="ValorSemImposto" />
    
    <many-to-one name="NotaFiscal" column="NotaFiscalId" />

    <property name="Degrau" />
    <property name="Filler" length="104" />
    <property name="Obs" length="25" />
    
    <!--<property name="DataAlteracao" />
    <property name="Ativo" />-->
		
	</class>
</hibernate-mapping>
