﻿<?xml version="1.0" encoding="utf-8" ?>
<hibernate-mapping xmlns="urn:nhibernate-mapping-2.2"
                   assembly="SiGCT.Models"
                   namespace="SiGCT.Models" >

	<class name="TipoCobranca" schema="SiGCT">
		<meta attribute="class-description">Tipos de cobrança</meta>

		<id name="Id">
			<generator class="assigned" />
		</id>

		<property name="Descricao" length="20" />

    <bag name="Cobrancas" lazy="true" cascade="all" >
      <key column="TipoCobrancaId" />
      <one-to-many class="Cobranca" />
    </bag>

    <!--<property name="DataAlteracao" />
    <property name="Ativo" />-->
		
	</class>
</hibernate-mapping>
