<credentials>
  <user>
    <username>Sid</username>
    <password>ZQJd0Ed+PSHMk0FGfcQCjYXpDrY=</password>
  </user>
  <user>
    <username>Girish</username>
    <password>dec3sSBckTEyvUzIXZnFElnolmo=</password>
  </user>
  <user>
    <username>Admin</username>
    <password>admin</password>
  </user>
  <user>
    <username>Abcd</username>
    <password>K7O251GdsyeKg54HeoSQ5ak3goc=</password>
  </user>
  <user>
    <username>Sidd</username>
    <password>JcJBRXYyllzwQVrObLjbkqeprdk=</password>
  </user>
  <user>
    <username>Siddharth</username>
    <password>JcJBRXYyllzwQVrObLjbkqeprdk=</password>
  </user>
  <user>
    <username>Abc</username>
    <password>nwT0GoSFFBYgUOPWjBp6u0QdwrU=</password>
  </user>
  <user>
    <username>Xyz</username>
    <password>zERgyAIa/jkk9VmX0DBWB93fdXA=</password>
  </user>
  <user>
    <username>Test</username>
    <password>h/jtkVcSX/xNqeBqe4ARrYClP+E=</password>
  </user>
  <user>
    <username>Rinku</username>
    <password>St4rRyxCDYL0SHfNqjwuffJnjd8=</password>
  </user>
  <user>
    <username>testing123</username>
    <password>h/jtkVcSX/xNqeBqe4ARrYClP+E=</password>
  </user>
</credentials>