﻿<?xml version="1.0" encoding="utf-8"?>
<Project ToolsVersion="15.0" xmlns="http://schemas.microsoft.com/developer/msbuild/2003">
  <PropertyGroup>
    <IncludeCompositeObjects>True</IncludeCompositeObjects>
    <TargetDatabaseName>UoftDatabase</TargetDatabaseName>
    <DeployScriptFileName>Uoft Database.sql</DeployScriptFileName>
    <TargetConnectionString>Data Source=emiliokartono.database.windows.net;Persist Security Info=True;User ID=emiliokartono;Pooling=False;MultipleActiveResultSets=False;Connect Timeout=60;Encrypt=True;TrustServerCertificate=False</TargetConnectionString>
    <ProfileVersionNumber>1</ProfileVersionNumber>
  </PropertyGroup>
</Project>